gamma,Load
0.00E+00,0
0.000196968,0.78
0.000327984,1.28
0.000467795,1.81
0.000635096,2.39
0.000742973,2.86
0.00080791,3.02
0.000879465,3.3
0.000938944,3.59
0.001015994,3.88
0.001086461,4.15
0.001170112,4.43
0.001242774,4.71
0.001331919,4.97
0.001393592,5.26
0.001418906,5.33
0.001413412,5.06
0.001355112,4.76
0.0012979,4.5
0.001247271,4.23
0.001186741,3.96
0.001118522,3.69
0.001060186,3.43
0.001011751,3.2
0.000955609,2.9
0.000710151,1.85
5.10E-04,0.96
0.000304972,0.28
2.04E-04,-0.01
4.41E-05,-0.5
-1.18E-04,-1.05
-2.80E-04,-1.55
-4.26E-04,-2.04
-5.89E-04,-2.58
-0.000739637,-3.11
-0.000773746,-3.17
-0.000782632,-3.36
-0.000869583,-3.65
-0.000963134,-3.89
-0.00103799,-4.15
-0.00111834,-4.44
-0.001174519,-4.71
-0.001255975,-4.98
-0.001348421,-5.24
-0.001436478,-5.54
-0.001387027,-5.52
-0.00135843,-5.19
-0.001308925,-4.96
-0.001259402,-4.68
-0.001196678,-4.4
-0.001135042,-4.11
-0.001084412,-3.85
-0.00102167,-3.57
-0.000968828,-3.28
-0.000922587,-3.03
-0.000695826,-2.05
-0.000475665,-1.16
-2.42E-04,-0.34
-1.42E-04,0.04
-1.22E-05,0.41
1.28E-04,0.84
2.53E-04,1.24
0.000381968,1.67
0.000505295,2.17
0.000669296,2.68
0.000693523,2.77
0.000755159,2.94
0.000825608,3.21
0.000911453,3.49
0.000989609,3.76
0.001079861,4.07
0.001156929,4.38
0.001238385,4.71
0.001329743,5
0.001411199,5.31
0.001418906,5.32
0.001405705,4.99
0.001344105,4.74
0.001286893,4.49
0.001243971,4.24
0.001185634,3.96
0.001121804,3.69
0.001066786,3.45
0.001005132,3.15
9.43E-04,2.87
7.13E-04,1.85
5.20E-04,1.04
3.29E-04,0.37
2.07E-04,0
5.17E-05,-0.45
-9.25E-05,-0.97
-2.59E-04,-1.46
-4.18E-04,-1.95
-0.000572408,-2.46
-0.000724296,-2.94
-0.000758459,-3.12
-0.000850905,-3.41
-0.000929061,-3.71
-0.001016012,-3.99
-0.001106263,-4.28
-0.001197603,-4.58
-0.001243898,-4.88
-0.001330849,-5.2
-0.001424401,-5.52
-0.001399104,-5.21
-0.001342999,-4.94
-0.001251695,-4.64
-0.001179088,-4.38
-0.001127353,-4.11
-0.001072317,-3.84
-0.001017281,-3.56
-0.000968846,-3.29
-0.000917093,-3.03
-0.000685925,-2.01
-4.62E-04,-1.11
-2.41E-04,-0.31
-1.39E-04,0.02
9.81E-06,0.41
1.33E-04,0.84
0.000266366,1.27
0.000391905,1.74
0.000541617,2.23
0.000679233,2.73
0.000752965,2.9
0.000833315,3.19
0.000913684,3.48
0.001001723,3.77
0.001074384,4.05
0.001152541,4.35
0.001248286,4.67
0.001337432,5
0.001407899,5.29
0.001415606,5.3
0.001406811,5.01
0.001347405,4.75
0.001292387,4.47
0.001239564,4.23
0.001172433,3.92
0.001118504,3.69
0.001057973,3.39
0.001006238,3.17
0.000944602,2.89
7.08E-04,1.85
5.19E-04,1
3.26E-04,0.34
1.95E-04,-0.01
5.50E-05,-0.46
-9.80E-05,-0.96
-2.55E-04,-1.45
-4.19E-04,-2
-5.92E-04,-2.51
-7.19E-04,-2.9
-0.000738676,-3.07
-0.00083881,-3.35
-0.000927955,-3.65
-0.001003917,-3.93
-0.001101857,-4.22
-0.001183313,-4.53
-0.001242792,-4.84
-0.001336344,-5.18
-0.001423295,-5.49
-0.001418906,-5.48
-0.001404599,-5.19
-0.001329797,-4.91
-0.001251695,-4.64
-0.001191183,-4.38
-0.001127353,-4.07
-0.001061328,-3.81
-0.001012893,-3.54
-0.00096444,-3.27
-0.000918199,-3.01
-7.00E-04,-2.04
-4.68E-04,-1.13
-2.48E-04,-0.3
-1.51E-04,0
5.71755E-05,0.62
0.000258677,1.26
0.00045686,1.97
0.000681427,2.73
0.000926885,3.56
0.001170148,4.47
0.001402405,5.36
0.001415606,5.35
0.001489356,5.63
0.001609346,6.05
0.001719436,6.45
0.00183502,6.81
0.001949498,7.16
0.002076089,7.53
0.002116817,7.64
0.002081638,7.19
0.002011207,6.81
0.001929768,6.42
0.001852736,6.04
0.001769104,5.65
0.00169316,5.32
0.001629311,4.96
0.00154236,4.57
0.001461992,4.15
0.001109745,2.61
0.000797066,1.33
0.000517354,0.36
0.000380807,0
1.65E-04,-0.57
-6.83096E-05,-1.21
-3.08E-04,-1.86
-5.32E-04,-2.58
-0.000793675,-3.34
-0.001023737,-4.15
-0.001262594,-5
-0.001406829,-5.62
-0.001490462,-5.85
-0.001623635,-6.26
-0.00171833,-6.63
-0.001849291,-7
-0.001924201,-7.36
-0.002063957,-7.7
-0.002111323,-7.87
-0.00206733,-7.43
-0.001970515,-6.99
-0.001912179,-6.68
-0.00183074,-6.28
-0.001766892,-5.9
-0.001682135,-5.42
-0.001591883,-5.03
-0.001517028,-4.66
-0.001442172,-4.28
-0.001107515,-2.77
-0.000780546,-1.46
-0.000470061,-0.34
-0.000330232,0.03
-1.35E-04,0.54
5.73568E-05,1.07
0.000267635,1.65
0.000492203,2.26
0.000728847,2.92
0.000972092,3.66
0.001225238,4.43
0.001390346,5
1.46E-03,5.19
0.001570866,5.61
0.001689751,6.06
0.001805335,6.48
0.001930802,6.93
0.00205188,7.33
0.002126718,7.55
0.002092627,7.06
0.002029921,6.79
0.001935281,6.35
0.001876945,6.02
0.001781199,5.61
0.001715156,5.28
0.001628205,4.87
0.001546749,4.48
0.001461992,4.09
0.001113045,2.55
0.000801472,1.3
0.000534962,0.37
0.000381895,0
1.77E-04,-0.51
-4.965E-05,-1.15
-0.000250045,-1.79
-0.000532858,-2.45
-0.000775015,-3.13
-0.001002883,-3.88
-0.001274725,-4.71
-0.001399122,-5.17
-0.001484967,-5.42
-0.001617035,-5.84
-0.001711729,-6.28
-0.001850397,-6.73
-1.97E-03,-7.13
-2.05E-03,-7.51
-2.14E-03,-7.77
-0.002083796,-7.31
-0.001989192,-6.96
-0.001909966,-6.56
-0.00184503,-6.2
-0.001762485,-5.79
-0.001693142,-5.41
-0.001607279,-5.01
-0.001533529,-4.65
-0.001457567,-4.22
-0.00109872,-2.71
-0.000773946,-1.38
-0.000471149,-0.32
-0.000342328,0.04
-1.44E-04,0.53
4.63678E-05,1.07
0.000254452,1.63
0.000483408,2.2
0.000720052,2.85
0.00096551,3.54
0.00122085,4.33
0.001382657,4.89
0.0014553,5.1
0.001588474,5.56
0.001705164,5.97
0.001827331,6.4
0.001950604,6.86
0.002062888,7.29
0.002114623,7.48
0.002106934,7.1
0.002013419,6.73
0.001955083,6.34
1.87E-03,5.98
0.001783411,5.59
0.001705255,5.17
0.001638106,4.83
0.00155665,4.45
0.001476299,4.08
0.00113506,2.56
0.000822381,1.33
0.000536068,0.37
0.000397291,-0.01
1.88E-04,-0.54
-4.52617E-05,-1.17
-0.000262122,-1.76
-0.000525151,-2.39
-0.000769503,-3.03
-0.00101496,-3.76
-0.001254923,-4.58
-0.001403529,-5.11
-0.001478367,-5.3
-0.00160494,-5.73
-0.001732601,-6.16
-0.001830595,-6.61
-0.001957168,-7.06
-0.002061763,-7.48
-0.00214429,-7.72
-0.002093697,-7.33
-0.001984786,-6.88
-0.001915461,-6.55
-0.001834022,-6.14
-0.00177128,-5.75
-0.001693142,-5.4
-0.001623781,-5
-0.001537918,-4.57
-1.46E-03,-4.24
-1.12E-03,-2.71
-0.000790447,-1.38
-0.000500852,-0.34
-3.57E-04,0.01
-8.02415E-05,0.74
0.000209335,1.55
0.000553875,2.41
0.000946796,3.46
0.001313314,4.63
0.001687557,5.97
0.002047492,7.33
0.002103634,7.51
0.002210405,7.89
0.002397527,8.45
0.002573641,8.94
0.002745367,9.39
0.002919287,9.83
0.003089907,10.23
0.00320326,10.43
0.00318237,9.88
0.003066841,9.33
0.002951293,8.79
0.002856635,8.28
0.002757589,7.8
0.00263651,7.19
0.002541853,6.74
0.002429569,6.19
0.002327204,5.72
0.001876981,3.68
0.001425634,1.9
1.05E-03,0.65
0.000783556,-0.02
0.000496156,-0.67
0.000121931,-1.42
-0.00027536,-2.13
-0.000660556,-2.96
-0.001022685,-4
-0.001387027,-5.19
-0.001730461,-6.46
-0.002129982,-7.79
-0.00214429,-7.76
-0.002273039,-8.15
-0.002451365,-8.72
-0.002657165,-9.22
-0.002826678,-9.66
-0.003000598,-10.09
-0.003206379,-10.51
-0.003290066,-10.69
-0.003195463,-10
-0.003098629,-9.49
-0.003007272,-8.94
-0.002914826,-8.45
-0.002830069,-7.99
-0.002694701,-7.39
-0.002586824,-6.79
-0.002487778,-6.39
-0.002386483,-5.85
-0.00193956,-3.82
-0.001517916,-2.11
-0.001101748,-0.67
-0.000833025,0.05
-0.000557701,0.57
-0.000261524,1.14
0.000117107,1.7
0.000515504,2.34
0.000915007,3.14
0.001300221,4.15
0.001660139,5.2
0.002036576,6.42
0.002054183,6.38
0.002174156,6.8
0.002365666,7.46
0.002550575,8.07
0.002740978,8.67
0.002919287,9.23
0.003096489,9.8
0.003207649,10.09
0.003171363,9.56
0.003073423,9.02
0.002944674,8.47
0.002859917,7.95
0.002758659,7.44
0.002677202,7.04
0.002563849,6.56
0.002458166,5.99
0.002362402,5.55
0.001897871,3.51
0.001468538,1.83
0.00109629,0.57
0.000822036,-0.03
0.000553331,-0.6
0.0001747,-1.25
-0.000265495,-1.87
-0.00066168,-2.55
-0.001049088,-3.38
-0.001412306,-4.37
-0.00179975,-5.56
-0.002183876,-6.77
-0.002295035,-7.04
-0.00246016,-7.67
-0.002673648,-8.31
-0.002849762,-8.94
-0.00305665,-9.56
-0.003229464,-10.13
-3.32E-03,-10.43
-0.003232836,-9.78
-0.003116201,-9.2
-0.003044663,-8.81
-0.002950005,-8.3
-0.002852047,-7.8
-0.002748595,-7.26
-0.002633029,-6.74
-0.002524063,-6.26
-0.002394172,-5.64
-0.001929623,-3.53
-0.001509067,-1.84
-0.001095075,-0.46
-0.000895731,0.02
-0.000617107,0.57
-3.23E-04,1.08
4.44819E-05,1.55
0.00044948,2.12
0.000858884,2.84
0.001266094,3.78
0.001651326,4.88
0.00201895,6.05
0.002077268,6.16
0.002187339,6.53
0.002379955,7.14
0.002551663,7.76
0.002743173,8.39
0.002930276,8.99
0.003100878,9.58
0.003206543,9.91
0.003187847,9.39
0.003053603,8.77
0.002969971,8.33
0.002861005,7.79
0.002780655,7.38
0.002685997,6.92
0.002563831,6.38
0.002454865,5.89
0.00237009,5.43
0.001898959,3.37
0.001457495,1.64
0.001081982,0.51
0.000869329,-0.02
0.00058084,-0.57
0.000233,-1.15
-0.000186269,-1.69
-0.000611051,-2.34
-0.001006165,-3.1
-0.001399086,-4.08
-0.001792007,-5.19
-0.00216625,-6.42
-0.002180557,-6.4
-0.002300511,-6.76
-0.002483226,-7.41
-0.002669242,-8.07
-0.002873935,-8.72
-0.003067639,-9.35
-0.003249247,-9.96
-0.003318627,-10.26
-0.003265822,-9.73
-0.003144797,-9.21
-0.003040239,-8.6
-0.002969789,-8.16
-0.002853135,-7.62
-0.002750771,-7.11
-0.002641805,-6.57
-0.00253614,-6.08
-0.002427175,-5.62
-0.001985729,-3.55
-0.001549777,-1.84
-0.001124778,-0.45
-0.000934229,0.02
-5.67E-04,0.74
-9.96808E-05,1.38
0.000410982,2.03
0.000950241,2.96
0.001471929,4.24
0.001959507,5.72
0.002452617,7.39
0.002942407,9.09
0.003228557,10.02
0.00345307,10.59
0.003697421,11.2
0.003948355,11.71
0.004186106,12.2
0.004362202,12.46
0.0042841,11.57
0.004197149,11.04
0.004084902,10.48
0.003940739,9.81
0.003839481,9.31
0.003704095,8.59
0.003573097,7.92
0.003422315,7.24
0.00333094,6.79
0.002761832,4.26
0.002206978,2.02
0.001747779,0.63
0.001433776,-0.02
0.001036285,-0.67
4.98E-04,-1.25
-9.71603E-05,-1.78
-0.000656204,-2.58
-0.001152577,-3.62
-0.001641261,-4.93
-0.002156349,-6.47
-0.002653846,-8.1
-0.003168915,-9.75
-0.003346099,-10.26
-0.003582744,-10.91
-3.83E-03,-11.51
-0.004087912,-12.03
-0.004345447,-12.48
-0.004535832,-12.76
-0.004435734,-11.89
-0.004342201,-11.36
-0.004245349,-10.83
-0.004128677,-10.17
-0.00400321,-9.55
-0.003832608,-8.69
-0.00373135,-8.21
-0.003594857,-7.53
-0.003471566,-6.91
-0.002912342,-4.34
-0.002387209,-2.22
-0.001865357,-0.59
-0.001608657,0.02
-0.001222119,0.63
-0.0007466,1.07
-0.000208465,1.42
0.000360479,1.92
0.000900827,2.65
0.001462101,3.75
0.001957386,4.97
0.002474667,6.41
0.002972147,7.88
0.003196678,8.59
0.00343218,9.2
0.003682008,9.92
0.003948337,10.72
0.004194883,11.47
0.004396275,11.97
0.004335781,11.27
0.004244442,10.75
0.004111268,10.06
0.003971512,9.39
0.003885649,8.91
0.003742574,8.24
0.003599481,7.55
0.003502611,7.1
0.003360625,6.43
0.002800312,3.94
0.002277373,1.89
0.00181043,0.57
0.001537192,0
0.001145196,-0.56
5.92E-04,-1.04
-2.57498E-06,-1.45
-0.000606699,-2.06
-0.001193251,-2.93
-0.001724821,-4.03
-0.002230008,-5.3
-0.002781417,-6.85
-0.003290991,-8.38
-0.00341207,-8.8
-0.003644272,-9.41
-0.003889729,-10.22
-0.004143963,-11.04
-0.004374025,-11.85
-0.004560004,-12.35
-0.004467613,-11.55
-0.004364161,-10.95
-0.004262902,-10.37
-0.004170457,-9.87
-0.004027364,-9.14
-0.003886483,-8.43
-0.003774218,-7.89
-0.003652033,-7.28
-0.003499021,-6.56
-0.002919976,-3.92
-0.00236514,-1.82
-0.00188612,-0.36
-0.001709879,0
-0.001320059,0.58
-0.000875331,0.96
-0.000328401,1.25
0.000226218,1.63
0.000773148,2.18
0.001297012,3.06
0.001834095,4.23
0.002364578,5.58
0.002876365,7.1
0.003192253,8.11
0.003466271,8.8
0.003715011,9.61
0.003973634,10.39
0.004231168,11.17
0.004416077,11.74
0.004368785,11.07
0.004240036,10.45
0.004128876,9.82
0.00401661,9.25
0.003897744,8.69
0.003788779,8.15
0.003646792,7.49
0.003537827,6.99
0.003406829,6.35
0.002833297,3.76
0.002285043,1.69
0.001826878,0.47
0.001563577,-0.04
0.001146284,-0.57
6.21E-04,-1
2.91952E-06,-1.36
-0.000604468,-1.86
-0.001142603,-2.58
-0.001690676,-3.6
-0.002228865,-4.84
-0.002753853,-6.27
-0.003265658,-7.91
-0.003428553,-8.41
-0.003649766,-9.02
-0.003909495,-9.85
-0.004168135,-10.67
-0.004390491,-11.5
-0.00459299,-12.12
-0.004499492,-11.38
-0.004391633,-10.73
-0.004295887,-10.17
-0.004186922,-9.63
-0.004084557,-9.04
-0.003927175,-8.3
-0.003820404,-7.78
-0.003683912,-7.1
-0.003590342,-6.65
-0.003006909,-4.01
-0.002453161,-1.87
-0.001974178,-0.41
-0.001743952,0.06
-0.001161444,0.8
-0.000290973,1.23
0.000556359,1.85
0.001420266,3.11
0.002201683,4.91
0.002943495,7.06
0.003683096,9.41
0.004386374,11.69
0.004628495,12.28
0.004898125,12.91
0.00513477,13.39
0.005420919,13.87
0.005601422,14.16
0.005705962,14.2
0.005982229,14.74
0.006246346,15.09
0.006510481,15.45
0.006805426,15.8
0.006753745,14.96
0.006612882,14.13
0.00641479,13.15
0.006281616,12.46
0.006116509,11.59
0.006009738,11.04
0.005827041,10.22
0.005670729,9.43
0.005497915,8.61
0.004779114,5.35
0.004088873,2.65
0.003479962,0.81
0.003027037,0.03
0.002952181,-0.02
0.002393882,-0.72
0.001467359,-1.1
0.000452925,-1.43
-0.000463678,-2.15
-0.00128022,-3.33
-0.00210124,-5.01
-0.00293325,-7.06
-0.003713579,-9.35
-0.004480706,-11.7
-0.004650201,-12.18
-0.004850488,-12.59
-0.005125594,-13.11
-0.005388641,-13.64
-0.005683549,-14.07
-0.00594549,-14.45
-0.006243717,-14.86
-0.006525442,-15.05
-0.006850053,-15.55
-0.007138378,-15.87
-0.007097704,-14.96
-0.00695793,-14.1
-0.006829163,-13.36
-0.006690494,-12.64
-0.00649679,-11.62
-0.006340514,-10.92
-0.006223824,-10.28
-0.006070812,-9.49
-0.005901298,-8.66
-0.005200087,-5.4
-0.004539568,-2.76
-0.003867987,-0.73
-0.003510989,0
-0.002968067,0.62
-0.002254778,0.91
-0.001282106,1.05
-0.000347913,1.32
0.000545606,1.86
0.001380862,2.72
0.002210641,3.99
0.003009611,5.5
0.003852609,7.38
0.004450187,8.8
0.00463729,9.23
0.004911326,9.88
0.005169967,10.54
0.005456062,11.22
0.00564536,11.78
0.005699307,11.84
0.005964531,12.64
0.006201175,13.27
0.006475193,14.03
0.00675583,14.68
0.006865865,14.81
0.006782269,13.95
0.006638106,13.17
0.006491731,12.43
6.35E-03,11.68
0.006225365,11.05
0.006081184,10.35
0.005889657,9.4
0.005757571,8.77
0.005562743,7.88
0.004869256,4.83
0.004212037,2.34
0.003618558,0.74
0.003219581,0.1
0.003091829,-0.02
0.002475248,-0.53
0.001643292,-0.78
0.000703659,-0.95
-0.0002569,-1.29
-0.001177891,-1.98
-0.002040638,-2.97
-0.002851703,-4.25
-0.003680376,-5.88
-0.004472763,-7.73
-0.004794128,-8.56
-0.004988938,-8.98
-0.005246491,-9.65
-0.005549106,-10.5
-0.005782432,-11.07
-0.006068582,-12.01
-0.006311809,-12.63
-0.00659464,-13.47
-0.006867624,-14.23
-0.007185616,-15
-0.00709872,-13.97
-0.006963352,-13.18
-0.006855493,-12.56
-0.006706905,-11.8
-0.006567131,-11.05
-0.006444964,-10.46
-0.006244641,-9.46
-0.006099336,-8.76
-0.005972745,-8.11
-0.00525612,-4.86
-0.004612102,-2.37
-0.003986762,-0.57
-0.003633047,0.01
-0.003046186,0.57
-0.00232851,0.79
-0.001334965,0.88
-0.000374388,1.05
0.000518025,1.46
0.001399485,2.16
0.002254561,3.24
0.003051355,4.68
0.003867951,6.46
0.004500762,8.01
0.004706561,8.45
0.00497289,8.99
0.005217205,9.81
0.005452725,10.44
0.005662931,10.94
0.005728938,11.06
0.005982102,11.83
0.006248431,12.6
0.006497171,13.36
0.006749175,14.11
0.006887843,14.43
0.006787727,13.42
0.006686487,12.89
0.006547819,12.17
0.006419033,11.48
0.006253944,10.69
0.006130653,10.03
0.005934737,9.13
0.005780637,8.41
0.005634244,7.73
0.004957259,4.76
0.004307747,2.31
0.003715337,0.73
0.003282233,0.07
0.003184184,-0.02
0.002475211,-0.52
0.001559642,-0.73
0.000611232,-0.86
-0.000414228,-1.17
-0.001355021,-1.75
-0.002273855,-2.73
-0.003119048,-4.01
-0.003938926,-5.6
-0.004741214,-7.49
-0.004834748,-7.61
-0.005086788,-8.33
-0.005367425,-9.06
-0.005611776,-9.82
-0.005831901,-10.26
-0.006079516,-11.21
-0.006301835,-11.74
-0.006572571,-12.66
-0.006845519,-13.47
-0.00712175,-14.31
-0.007246074,-14.52
-0.007145976,-13.45
-0.007049124,-12.93
-0.006896148,-12.12
-0.006780582,-11.49
-0.006644108,-10.81
-0.006502122,-10.09
-0.006360153,-9.43
-0.006176332,-8.53
-0.006037627,-7.84
-0.005347423,-4.73
-0.004701193,-2.23
-0.004069198,-0.48
-0.003745276,0.05
-0.003104504,0.55
-0.002389022,0.75
-0.00134046,0.83
-0.000411798,0.97
0.000491604,1.29
0.001411562,1.9
0.002240199,2.84
0.003084303,4.23
0.003905324,5.98
0.004670203,7.93
0.005447195,10.03
0.006217568,12.23
0.006940648,14.42
0.007139829,14.75
0.007414971,15.38
0.007691183,15.87
0.007948718,16.3
0.008229373,16.72
0.008544119,17.07
0.008855547,17.48
0.009146085,17.79
0.009371686,17.98
0.009171454,16.45
0.0090515,15.83
0.008962336,15.27
0.008769739,14.34
0.008580423,13.41
0.008398814,12.5
0.008218311,11.65
0.007975066,10.54
0.007841856,9.86
0.00697338,6.1
0.006132358,2.93
0.005411199,0.9
0.004953814,0.26
0.004709245,-0.03
0.004092627,-0.47
0.003290338,-0.7
0.00233861,-0.83
0.001382476,-0.97
0.000374642,-1.23
-0.000511134,-1.63
-0.001406793,-2.3
-0.002266202,-3.23
-0.00314438,-4.51
-0.004002756,-6.06
-0.004823759,-7.81
-0.005609527,-9.75
-0.006372194,-11.8
-0.007135966,-13.98
-0.007297737,-14.21
-0.007521144,-14.71
-0.007836978,-15.34
-0.008116527,-15.65
-0.008455409,-16.15
-0.008736046,-16.52
-0.009059533,-16.8
-0.009373155,-17.13
-0.009670275,-17.38
-0.00991566,-17.44
-0.009758296,-15.87
-0.009712073,-15.68
-0.00948756,-14.4
-0.009390708,-13.94
-0.009135386,-12.69
-0.008978004,-11.94
-0.008840405,-11.2
-0.008624669,-10.14
-0.008454067,-9.39
-0.00761524,-5.47
-0.00681607,-2.54
-0.006054238,-0.61
-0.00562884,0.04
-0.005018859,0.51
-0.004408878,0.75
-0.003515414,0.82
-0.002584557,0.9
-0.001582182,1.06
-0.000573188,1.3
0.000305988,1.64
0.001181881,2.12
0.002043485,2.77
0.002899612,3.7
0.003767871,4.91
0.004576724,6.25
0.005430693,7.85
0.006249447,9.53
0.006966979,11.14
0.007179378,11.57
0.007466598,12.1
0.007742846,12.92
0.00805208,13.67
0.008351413,14.4
0.008625449,15.03
0.008928064,15.75
0.009215283,16.28
0.009447485,16.73
0.009305571,15.61
0.009138287,14.72
0.008940195,13.76
0.008857651,13.36
0.008688137,12.47
0.0084691,11.37
0.008305099,10.62
0.008109183,9.76
0.007967178,9.06
0.007121804,5.46
0.006312697,2.52
0.005594821,0.76
0.005068038,0.12
0.004879719,-0.02
0.004224658,-0.38
0.003406992,-0.52
0.002491495,-0.61
0.001500145,-0.72
0.000533003,-0.88
-0.000396765,-1.11
-0.001345211,-1.47
-0.002257408,-2.08
-0.003122312,-2.89
-0.003975139,-3.88
-0.004824665,-5.1
-0.005661009,-6.54
-0.006513909,-8.28
-0.007295289,-10.03
-0.007470243,-10.35
-0.007710151,-10.92
-0.007966598,-11.42
-0.008276919,-12.34
-0.008549868,-13.13
-0.008747942,-13.56
-0.009020854,-14.26
-0.009278388,-14.99
-0.009519385,-15.53
-0.009829707,-16.2
-0.009963987,-16.36
-0.009867153,-15.25
-0.009692163,-14.25
-0.009606318,-13.78
-0.00945113,-12.98
-0.009277246,-12.13
-0.009093443,-11.22
-0.008942643,-10.44
-0.008763229,-9.58
-0.008610217,-8.84
-0.007782414,-5.09
-0.006931491,-2.07
-0.006177366,-0.43
-0.005774072,0.06
-0.005073949,0.46
-0.004453016,0.61
-0.003537464,0.69
-0.002521905,0.75
-0.001528343,0.83
-0.000576579,0.98
0.000355402,1.25
0.001264317,1.66
0.002212835,2.21
0.00312398,3.09
0.004001052,4.23
0.004831919,5.56
0.005690295,7.14
0.00650136,8.93
0.007008704,10.05
0.007292623,10.68
0.007596362,11.28
0.007893501,12.15
0.008111413,12.5
0.008390926,13.36
0.00864846,14.01
0.008941192,14.82
0.00921191,15.47
0.009504642,16.05
0.009372629,15.17
0.009180031,14.17
0.009005041,13.23
0.008891669,12.7
0.008727668,11.87
0.008573568,11.08
0.008399666,10.31
0.00824776,9.53
0.008079353,8.79
0.007237261,5.17
0.006462282,2.43
0.005749918,0.76
0.005252874,0.14
0.004978657,-0.04
0.004264208,-0.35
0.003360733,-0.47
0.002461756,-0.54
0.001527636,-0.6
0.000590215,-0.74
-0.000361513,-0.93
-0.001292351,-1.18
-0.002265042,-1.66
-0.003221267,-2.36
-0.00411038,-3.27
-0.005002811,-4.44
-0.005843579,-5.87
-0.006655768,-7.49
-0.007467922,-9.34
-0.007593388,-9.54
-0.007802488,-10.04
-0.008075436,-10.69
-0.008352773,-11.52
-0.008622402,-12.01
-0.008912904,-12.93
-0.009173739,-13.7
-0.00936523,-14.19
-0.009649168,-14.94
-0.009923186,-15.65
-0.010038715,-15.77
-0.009907772,-14.56
-0.009804319,-14
-0.009637036,-13.1
-0.009469753,-12.25
-0.009270555,-11.32
-0.00918471,-10.88
-0.009022903,-10.08
-0.008862202,-9.32
-0.00870919,-8.57
-0.007903438,-5
-0.007073387,-2.02
-0.006280728,-0.37
-0.005918217,0.01
-0.005203841,0.4
-0.004491586,0.58
-0.003550684,0.64
-0.002548308,0.7
-0.001489827,0.78
-0.000454466,0.92
0.000507235,1.15
0.001439234,1.52
0.002300838,1.93
0.003297773,2.76
0.00412311,3.77
0.005026602,5.16
0.005884978,6.77
0.006687267,8.58
0.007503862,10.5
0.008316034,12.52
0.009087513,14.72
0.009581638,15.96
0.009802814,16.22
0.010114242,16.77
0.010377289,17.16
0.01071619,17.64
0.011027636,18.02
0.011318155,18.32
0.011613082,18.61
0.011904708,18.86
0.012190839,18.95
0.012479164,19.28
0.012774127,19.55
0.013070159,19.74
0.013381587,19.93
0.013666649,20.13
0.013962699,20.32
0.014241142,20.28
0.01453498,20.62
0.014413974,19.37
0.014148732,17.92
0.014002357,17.26
0.013762431,16.06
0.013650147,15.46
0.013393718,14.3
0.01312184,13
0.0128731,11.89
0.012588021,10.65
0.011357379,5.6
0.010191619,1.95
0.009318119,0.43
0.008791136,-0.02
0.008114043,-0.44
0.007412886,-0.7
0.006504008,-0.86
0.005526983,-0.92
0.004534563,-0.92
0.003554238,-0.98
0.002578319,-1.1
0.001623291,-1.3
0.000693505,-1.59
-0.000232945,-1.95
-0.001146212,-2.44
-0.002028687,-3
-0.002932071,-3.68
-0.003903692,-4.58
-0.004858829,-5.62
-0.005699525,-6.73
-0.006574366,-8.09
-0.007438219,-9.53
-0.008320767,-11.18
-0.00919782,-12.96
-0.010085899,-14.63
-0.010171708,-14.38
-0.010444565,-14.85
-0.010796649,-15.33
-0.011113571,-15.71
-0.011432652,-16.07
-0.011779277,-16.35
-0.012093951,-16.72
-0.012410873,-17.02
-0.012767345,-17.31
-0.013096326,-17.54
-0.013401153,-17.8
-0.013742284,-17.91
-0.014083361,-18.21
-0.014400247,-18.41
-0.014700667,-18.65
-0.015037374,-18.89
-0.015376292,-19.08
-0.015684401,-19.22
-0.015600805,-18.04
-0.015452236,-17.23
-0.015158398,-15.68
-0.015017535,-15.04
-0.014864578,-14.38
-0.014599373,-13.18
-0.014352809,-12
-0.014230642,-11.44
-0.013996174,-10.3
-0.012744623,-5.03
-0.011589925,-1.57
-0.010563758,-0.08
-0.010361132,0.02
-0.009779712,0.34
-0.009199398,0.57
-0.008526838,0.74
-0.007702517,0.84
-0.006760581,0.9
-0.00573844,0.95
-0.004799895,0.99
-0.003867951,1.06
-0.002942589,1.19
-0.00191488,1.39
-0.000910275,1.67
0.000107533,2
0.001112139,2.35
0.002121133,2.71
3.10E-03,3.21
0.004114931,3.78
0.00508764,4.41
0.006069144,5.15
0.007009955,6.07
0.007954104,7.11
0.008852011,8.25
0.009578265,9.23
0.009836851,9.44
0.010131759,9.89
0.010405777,10.31
0.010700704,10.8
0.010916386,11.08
0.01122892,11.66
0.011533729,12.11
0.011875966,12.75
0.012174174,13.02
0.012462481,13.7
0.01277721,14.23
0.013009411,14.63
0.013327422,15.19
0.01360251,15.57
0.013920538,16.07
0.014219853,16.49
0.014509266,16.59
0.014852555,17.22
0.014789849,16.21
0.014487179,14.63
0.014423349,14.37
0.014191129,13.23
0.014040329,12.48
0.013913738,11.89
0.013634189,10.67
0.013495485,10.02
0.013241232,8.9
0.012016121,4.21
0.010804156,1.18
0.009877815,0.26
0.00930713,-0.03
0.008544282,-0.24
0.007732075,-0.43
0.006929805,-0.53
0.005962608,-0.6
0.004894226,-0.63
0.003927103,-0.68
0.002977569,-0.74
0.002026947,-0.8
9.75E-04,-0.91
6.84546E-05,-1.07
-0.000882167,-1.25
-0.001888949,-1.46
-0.002865938,-1.71
-0.003887027,-2.11
-0.004917999,-2.63
-0.005847804,-3.17
-0.006810594,-3.92
-0.007798698,-4.75
-0.008740616,-5.7
-0.009718837,-6.8
-0.010605792,-8
-0.010886356,-8.24
-0.011194484,-8.73
-0.011515813,-9.23
-0.011842636,-9.76
-0.012118866,-10.29
-0.012459997,-10.83
-0.012795615,-11.45
-0.013087241,-12.04
-0.013370054,-12.32
-0.013701248,-13.1
-0.014003844,-13.72
-0.014274598,-14.16
-0.014604722,-14.87
-0.014940304,-15.45
-0.015234142,-15.87
-0.015582925,-16.38
-0.015909712,-16.84
-0.015803014,-15.79
-0.015657745,-14.97
-0.015521271,-14.25
-0.015328691,-13.35
-0.015055761,-12.08
-0.014908298,-11.46
-0.014757535,-10.81
-0.014493327,-9.47
-0.01436786,-8.95
-0.01317684,-4.13
-0.011959417,-1.07
-0.010801291,-0.01
-0.010633972,0.03
-0.009909567,0.28
-0.00920725,0.42
-0.008336742,0.51
-0.007471748,0.6
-0.006643111,0.68
-0.005687974,0.73
-0.004772477,0.78
-0.003863617,0.83
-0.002929478,0.86
-0.001976626,0.94
-1.06E-03,1.04
-4.55881E-05,1.2
0.001014017,1.38
0.002075799,1.58
0.003006655,1.83
0.003935317,2.18
0.004938817,2.58
0.005968719,3.16
0.006979944,3.84
0.00799777,4.71
0.009007906,5.73
0.009822199,6.71
0.010106082,6.93
0.010416422,7.4
0.010736626,7.83
0.011026058,8.27
0.011313259,8.73
0.011618087,9.27
0.011910819,9.75
0.012192525,10.24
0.012498477,10.82
0.012755975,11.31
0.013026711,11.79
0.013353534,12.47
0.013626464,12.93
0.013867425,13.43
0.014084213,13.83
0.014336235,14.32
0.014652051,14.87
0.014963461,15.24
0.015037174,15.2
0.014954666,14.39
0.014698219,13
0.014629982,12.76
0.01437573,11.45
0.014307493,11.22
0.014090668,10.2
0.013962971,9.57
0.013820984,8.99
0.013545824,7.82
0.012304193,3.29
0.011051482,0.86
0.010040456,0.19
0.0093632,-0.04
0.008627915,-0.15
0.007808037,-0.32
0.006966217,-0.4
0.006040855,-0.44
0.00505393,-0.45
0.004080223,-0.46
0.00303721,-0.46
0.002074475,-0.53
0.001089707,-0.58
0.000151144,-0.64
-0.000787401,-0.74
-0.001735865,-0.88
-0.002737062,-1.02
-0.003736101,-1.24
-0.00468344,-1.51
-0.00560659,-1.86
-0.006673866,-2.37
-0.007698256,-2.96
-0.008655569,-3.72
-0.009631578,-4.66
-0.010613118,-5.79
-0.010942117,-6.15
-0.011148986,-6.31
-0.011466997,-6.77
-0.011758641,-7.23
-0.01208764,-7.74
-0.012400156,-8.26
-0.012667591,-8.73
-0.012961412,-9.3
-0.013267345,-9.89
-0.013555634,-10.37
-0.013823088,-11
-0.014153193,-11.66
-0.014324883,-11.96
-0.014596707,-12.61
-0.014832191,-13.02
-0.015154608,-13.58
-0.015442933,-14.31
-0.015817031,-14.96
-0.01607899,-15.28
-0.01595793,-14.1
-0.015797247,-13.25
-0.015675081,-12.59
-0.015543013,-11.94
-0.015404345,-11.32
-0.015110507,-10.05
-0.01504887,-9.89
-0.014848511,-8.78
-0.014688935,-8.18
-0.013424183,-3.27
-0.012211221,-0.74
-0.011003645,0
-0.010245204,0.21
-0.009430784,0.32
-0.008558046,0.41
-0.007683223,0.44
-0.006774326,0.48
-0.00580383,0.5
-0.004822362,0.53
-0.003814492,0.56
-0.002858285,0.62
-0.001954865,0.68
-0.00105694,0.76
-0.000152432,0.86
0.000779549,0.98
0.001715918,1.12
0.002672071,1.3
0.003622747,1.51
0.004591013,1.79
0.005570286,2.14
0.006558372,2.51
0.007516737,3.05
0.00847075,3.77
0.009385159,4.63
0.010284191,5.74
0.011193124,7.03
0.012060276,8.45
0.012927447,10.09
0.013784717,11.76
0.014581456,13.31
0.015173485,14.38
0.015427665,14.65
0.015739056,15.08
0.01607248,15.54
0.016358557,15.86
0.016683168,16.24
0.017020981,16.59
0.017364269,16.92
0.017709789,17.22
0.018089399,17.53
0.018394208,17.62
0.018768288,18
0.019100606,18.3
0.019462626,18.57
0.019819135,18.79
0.020180031,19
0.020523338,19.23
0.020830359,19.34
0.021145069,19.52
0.021507072,19.79
0.021851503,19.97
0.022202517,20.14
0.022519421,20.24
0.022870453,20.44
0.023199452,20.57
0.023540583,20.73
0.023852011,20.87
0.02415245,21.03
0.024446288,21.18
0.024719236,21.16
0.025009738,21.34
0.02528158,21.51
2.56E-02,21.65
0.025852773,21.77
0.026155424,21.86
0.026442661,21.97
0.026703514,22.02
0.026994052,22.18
0.027288996,22.32
0.027598248,22.46
0.027857995,22.55
0.02815624,22.65
0.028465492,22.78
0.028750535,22.85
0.029045497,22.96
0.029345936,23.05
0.029633174,23.16
0.029950114,23.25
0.030238458,23.31
0.030540003,23.39
0.030853625,23.45
0.031130961,23.52
0.031446814,23.56
0.031743934,23.55
0.032079589,23.5
0.032377833,23.42
0.032657364,23.38
0.032988594,23.43
0.033349545,23.51
0.033649966,23.47
0.034004316,23.45
0.034370743,23.39
0.03467227,23.16
0.034985874,22.51
0.036409749,7.79
0.036787056,7.6
0.037154535,7.57
0.037547293,7.43
,
,
,
,
,
,
,
,
,
,
,
,
,
,
,
,
,
,
,
,
,
,
,
,
,
,
,
,
,
,
,
,
,
,
,
,
,
,
,
,
,
,
,
,
,
,
,
,
,
,
,
,
,
,
,
,
,
,
,
,
,
,
,
,
,
,
,
,
,
,
,
,
,
,
,
,
,
,
,
